timestep,average_reward
400,-171.5038450365911
800,-264.85815993521743
1200,-229.54375980171483
1600,-233.30326645054288
2000,-54.150320075237794
2400,-112.72662059030095
2800,-178.45991145781878
3200,-196.52406723858948
3600,-122.6195833571577
4000,-123.59776727953286
4400,-111.16945126089124
4800,-67.9134914559309
5200,-44.262366928818935
5600,-24.648861730801624
6000,-9.036757051040462
6400,-14.839461651334398
6800,-10.317389820310495
7200,-27.54120645042572
7600,-6.588284412982338
8000,-8.875700007162113
8400,-6.143583350656147
8800,-4.501269802670569
9200,-3.899917261598022
9600,-12.677292673584157
10000,-3.4613603579443804
10400,-4.052280136657797
10800,-6.3022212549579715
11200,-1.9346625260677188
11600,-9.335512706426845
12000,-1.6950151434728897
12400,-2.0069873330773995
12800,-5.048600062574933
13200,-1.304955026353128
13600,-1.6061153275992701
14000,-4.757507956466568
14400,-1.6052434550211478
14800,-1.5420477569672297
15200,-9.956281575199428
15600,-6.181151565082807
16000,-1.5690533506264064
16400,-1.3261298600240443
16800,-9.11653538873215
17200,-5.186656121054594
17600,-3.8325584667153545
18000,-6.538872533898387
18400,-10.891867653413907
18800,-14.29149837981042
19200,-4.476971233795693
19600,-8.280136390168417
20000,-7.978726875106268
20400,-1.6618824106592023
20800,-15.034523232256806
21200,-13.037525400006963
21600,-1.5820264686175252
22000,-14.59681360328885
22400,-1.6211196249443176
22800,-19.82690507501659
23200,-1.9390043688808782
23600,-12.751680276042585
24000,-1.442302263795689
24400,-9.55865668696689
24800,-1.6141678790067686
25200,-1.686358797251317
25600,-11.955982454029511
26000,-1.6846252353341087
26400,-1.801769254470384
26800,-1.9871268984098684
27200,-1.7124835375031144
27600,-13.949143436575005
28000,-2.7587628439681153
28400,-4.69731571270812
28800,-10.210580618849615
29200,-1.3244942670074167
29600,-1.4368546467551846
30000,-1.5245713593364025
30400,-1.7684879686958244
30800,-1.8897252298158262
31200,-5.528058280599372
31600,-1.679376901964857
32000,-2.1380884894712264
32400,-1.6302747652161675
32800,-1.7373581451456572
33200,-8.973986287984522
33600,-8.638165471073089
34000,-9.722563387866918
34400,-10.630242844701813
34800,-1.7364164308497334
35200,-4.975431011702972
35600,-1.348523172546461
36000,-1.538916839684842
36400,-1.8381734522751003
36800,-6.911686705610083
37200,-7.8885638581131525
37600,-2.201467111060063
38000,-1.6791832137695206
38400,-1.5067268524097666
38800,-6.186578778220784
39200,-1.51225399187801
39600,-4.001861254692815
40000,-10.256843463341424
40400,-1.8921622512083585
40800,-6.975252992927404
41200,-7.902139985905501
41600,-13.582757446016549
42000,-6.374412437426744
42400,-8.921802236767565
42800,-1.654369700832841
43200,-4.378105866059041
43600,-3.4306869764970647
44000,-3.773008498762542
44400,-4.184674320816698
44800,-1.3135716175619685
45200,-1.4758323751303604
45600,-1.747083550156617
46000,-5.574955837466454
46400,-1.8009844520675702
46800,-1.229916960758951
47200,-6.337375107824134
47600,-1.6065310691060637
48000,-7.885288435736319
48400,-3.214864352960804
48800,-1.3759487103063304
49200,-2.433683591898421
49600,-4.90256699630011
50000,-1.6195032350716079
50400,-1.5813079098706846
50800,-1.7679743674542485
51200,-2.536385447690006
51600,-1.551015622870408
52000,-8.206057629396696
52400,-9.528452750228745
52800,-8.47369733925228
53200,-1.789220513998319
53600,-1.5542636977173807
54000,-4.592814854727319
54400,-5.170068479522804
54800,-1.5465200660226952
55200,-1.599672589656384
55600,-8.41177845699714
56000,-4.23873875788156
56400,-1.5840921678712363
56800,-1.6321407826028087
57200,-12.308055033392115
57600,-1.5435924212676293
58000,-13.56167484358418
58400,-9.66803401700634
58800,-1.4764511375055127
59200,-1.6179655242755886
59600,-5.95984916773172
60000,-2.1606021420967245
60400,-1.4235933342078713
60800,-1.4505910741348185
61200,-6.124405653160883
61600,-1.5335615379765826
62000,-1.6464481287212793
62400,-6.293953495459108
62800,-9.177635842774679
63200,-2.6948160110404094
63600,-1.4936626958769386
64000,-3.9767141616547934
64400,-2.5178328111703276
64800,-1.2840582169998271
65200,-3.14434488536624
65600,-1.403852114614393
66000,-1.5918218098189714
66400,-1.2472517735856081
66800,-1.530193799139405
67200,-3.2941932858760854
67600,-6.19532915054716
68000,-1.600576761000243
68400,-1.952010891690917
68800,-6.565516998177747
69200,-7.667717809558107
69600,-4.480432079797056
70000,-1.3464452522379293
70400,-4.02633663565826
70800,-1.3381575123930987
71200,-8.8591377557473
71600,-1.578101954639627
72000,-12.901476967918597
72400,-3.8689102163592475
72800,-1.5159804507128363
73200,-10.944422209247024
73600,-9.391244759603833
74000,-8.644682667532521
74400,-3.8761262117553565
74800,-6.06275544498551
75200,-1.6205135246616658
75600,-10.321899349453865
76000,-6.372393322278322
76400,-9.279769418826815
76800,-1.6972913493587063
77200,-4.33788884635214
77600,-1.8110329527959803
78000,-3.3667991231054897
78400,-1.5924953703197873
78800,-1.2256739334251434
79200,-2.053397767128557
79600,-7.382927925210238
80000,-7.833429019500768
80400,-3.5154934114998504
80800,-5.722883028368715
81200,-2.958249079796395
81600,-2.4869289421314353
82000,-1.9257761285153512
82400,-1.5759853655371523
82800,-8.523013198372189
83200,-9.591583848316931
83600,-1.1680156531615296
84000,-8.239064246813719
84400,-2.138694694046943
84800,-7.191816854388834
85200,-1.5277291575765026
85600,-1.3522851576346624
86000,-6.777100196803983
86400,-2.0995914561011455
86800,-7.989444092204874
87200,-6.042588575444046
87600,-9.621754091379799
88000,-1.2874332112821891
88400,-6.91070287069795
88800,-8.128306808295083
89200,-1.1742273502339582
89600,-1.3417032188687252
90000,-4.2680036331507525
90400,-1.5613019427039438
90800,-3.0653672252080457
91200,-4.142058287766033
91600,-2.4409181328138585
92000,-1.7442076630185699
92400,-2.8601733568682777
92800,-12.402385650010874
93200,-12.534617228484045
93600,-4.761121591883462
94000,-6.9057653940610955
94400,-10.127900737316208
94800,-3.0199616367395534
95200,-7.2722722357781695
95600,-3.6207738053233043
96000,-2.838902720150013
96400,-3.498491870942419
96800,-10.83343203982765
97200,-2.5434560212311204
97600,-1.2382903863498924
98000,-3.373723896378574
98400,-2.831975379973549
98800,-8.868105036422348
99200,-9.858343902419684
99600,-13.251979979246496
100000,-1.455413330635276
